{"cameraMode":{"drawMode":0,"name":"Shaded","section":"Shading Mode"},"sceneLighting":false,"audioPlay":false,"sceneViewState":{"showFog":true,"showMaterialUpdate":false,"showSkybox":true,"showFlares":true,"showImageEffects":true,"showParticleSystems":true},"in2DMode":false,"pivot":{"x":0.0005030632019042969,"y":1.2249999046325684,"z":-7.217855930328369},"rotation":{"x":0.27045929431915285,"y":0.6600499153137207,"z":-0.2773621678352356,"w":0.643627405166626},"size":10.681225776672364,"orthographic":false}