{"cameraMode":{"drawMode":0,"name":"Shaded","section":"Shading Mode"},"sceneLighting":true,"audioPlay":false,"sceneViewState":{"showFog":true,"showMaterialUpdate":false,"showSkybox":true,"showFlares":true,"showImageEffects":true,"showParticleSystems":true},"in2DMode":false,"pivot":{"x":-22.35384750366211,"y":9.74422836303711,"z":3.7277865409851076},"rotation":{"x":0.33487817645072939,"y":0.6243616342544556,"z":-0.33729758858680727,"w":0.6198867559432983},"size":47.139503479003909,"orthographic":false}