{"cameraMode":{"drawMode":0,"name":"Shaded","section":"Shading Mode"},"sceneLighting":true,"audioPlay":false,"sceneViewState":{"showFog":true,"showMaterialUpdate":true,"showSkybox":true,"showFlares":true,"showImageEffects":true,"showParticleSystems":true},"in2DMode":false,"pivot":{"x":0.06813430786132813,"y":6.591667175292969,"z":9.231698989868164},"rotation":{"x":-0.32452401518821719,"y":-0.6292051672935486,"z":0.3258901834487915,"w":-0.6265625953674316},"size":103.63019561767578,"orthographic":false}