{"cameraMode":{"drawMode":0,"name":"Shaded","section":"Shading Mode"},"sceneLighting":false,"audioPlay":false,"sceneViewState":{"showFog":true,"showMaterialUpdate":true,"showSkybox":true,"showFlares":true,"showImageEffects":true,"showParticleSystems":true},"in2DMode":false,"pivot":{"x":-0.18453168869018556,"y":3.27738618850708,"z":-0.33768582344055178},"rotation":{"x":-0.28979581594467165,"y":-0.6468406915664673,"z":0.2918914556503296,"w":-0.6421954035758972},"size":17.00895881652832,"orthographic":false}