{"cameraMode":{"drawMode":0,"name":"Shaded","section":"Shading Mode"},"sceneLighting":false,"audioPlay":false,"sceneViewState":{"showFog":true,"showMaterialUpdate":false,"showSkybox":true,"showFlares":true,"showImageEffects":true,"showParticleSystems":true},"in2DMode":false,"pivot":{"x":-0.31406211853027346,"y":11.387704849243164,"z":-0.007038116455078125},"rotation":{"x":0.12571510672569276,"y":0.8420974612236023,"z":-0.2230236679315567,"w":0.4746873080730438},"size":30.325321197509767,"orthographic":false}