{"cameraMode":{"drawMode":0,"name":"Shaded","section":"Shading Mode"},"sceneLighting":false,"audioPlay":false,"sceneViewState":{"showFog":true,"showMaterialUpdate":false,"showSkybox":true,"showFlares":true,"showImageEffects":true,"showParticleSystems":true},"in2DMode":false,"pivot":{"x":0.0005030632019042969,"y":1.2249999046325684,"z":0.0},"rotation":{"x":-0.2633708417415619,"y":-0.656559944152832,"z":0.2636888921260834,"w":-0.6557689905166626},"size":23.097091674804689,"orthographic":false}