{"cameraMode":{"drawMode":0,"name":"Shaded","section":"Shading Mode"},"sceneLighting":true,"audioPlay":false,"sceneViewState":{"showFog":true,"showMaterialUpdate":true,"showSkybox":true,"showFlares":true,"showImageEffects":true,"showParticleSystems":true},"in2DMode":false,"pivot":{"x":-11.275978088378907,"y":-13.80755615234375,"z":-2.0877492427825929},"rotation":{"x":-0.30466243624687197,"y":-0.6406018733978272,"z":0.3077857494354248,"w":-0.6340962052345276},"size":124.48989868164063,"orthographic":false}