{"cameraMode":{"drawMode":0,"name":"Shaded","section":"Shading Mode"},"sceneLighting":false,"audioPlay":false,"sceneViewState":{"showFog":true,"showMaterialUpdate":true,"showSkybox":true,"showFlares":true,"showImageEffects":true,"showParticleSystems":true},"in2DMode":false,"pivot":{"x":401.0325927734375,"y":220.99996948242188,"z":0.0},"rotation":{"x":0.24842092394828797,"y":0.2826001048088074,"z":-0.07602857053279877,"w":0.9233872294425964},"size":1653.5093994140625,"orthographic":false}