{"cameraMode":{"drawMode":0,"name":"Shaded","section":"Shading Mode"},"sceneLighting":false,"audioPlay":false,"sceneViewState":{"showFog":true,"showMaterialUpdate":true,"showSkybox":true,"showFlares":true,"showImageEffects":true,"showParticleSystems":true},"in2DMode":false,"pivot":{"x":0.017272233963012697,"y":2.194138526916504,"z":-0.0008177757263183594},"rotation":{"x":-0.10360357910394669,"y":-0.7801836729049683,"z":0.1342519074678421,"w":-0.6021263599395752},"size":13.224648475646973,"orthographic":false}