{"cameraMode":{"drawMode":0,"name":"Shaded","section":"Shading Mode"},"sceneLighting":false,"audioPlay":false,"sceneViewState":{"showFog":true,"showMaterialUpdate":false,"showSkybox":true,"showFlares":true,"showImageEffects":true,"showParticleSystems":true},"in2DMode":false,"pivot":{"x":-24.238248825073243,"y":1.5103085041046143,"z":16.822935104370118},"rotation":{"x":0.13116003572940827,"y":0.6905892491340637,"z":-0.12953460216522218,"w":0.6993599534034729},"size":10.80046558380127,"orthographic":false}