{"cameraMode":{"drawMode":0,"name":"Shaded","section":"Shading Mode"},"sceneLighting":false,"audioPlay":false,"sceneViewState":{"showFog":true,"showMaterialUpdate":false,"showSkybox":true,"showFlares":true,"showImageEffects":true,"showParticleSystems":true},"in2DMode":false,"pivot":{"x":0.011881828308105469,"y":1.175727367401123,"z":0.8339186310768127},"rotation":{"x":0.21344558894634248,"y":0.6921595335006714,"z":-0.22692762315273286,"w":0.6510453224182129},"size":10.814403533935547,"orthographic":false}