{"cameraMode":{"drawMode":0,"name":"Shaded","section":"Shading Mode"},"sceneLighting":false,"audioPlay":false,"sceneViewState":{"showFog":true,"showMaterialUpdate":false,"showSkybox":true,"showFlares":true,"showImageEffects":true,"showParticleSystems":true},"in2DMode":false,"pivot":{"x":0.0005030632019042969,"y":1.2249999046325684,"z":-35.72785568237305},"rotation":{"x":-0.16615255177021027,"y":-0.6678841710090637,"z":0.15667270123958589,"w":-0.7083626985549927},"size":10.681227684020996,"orthographic":false}