{"cameraMode":{"drawMode":0,"name":"Shaded","section":"Shading Mode"},"sceneLighting":true,"audioPlay":false,"sceneViewState":{"showFog":true,"showMaterialUpdate":true,"showSkybox":true,"showFlares":true,"showImageEffects":true,"showParticleSystems":true},"in2DMode":false,"pivot":{"x":13.538333892822266,"y":8.218013763427735,"z":-13.679222106933594},"rotation":{"x":0.24842093884944917,"y":0.28260013461112978,"z":-0.07602857798337937,"w":0.9233872294425964},"size":102.49125671386719,"orthographic":false}