{"cameraMode":{"drawMode":0,"name":"Shaded","section":"Shading Mode"},"sceneLighting":false,"audioPlay":false,"sceneViewState":{"showFog":true,"showMaterialUpdate":false,"showSkybox":true,"showFlares":true,"showImageEffects":true,"showParticleSystems":true},"in2DMode":false,"pivot":{"x":12.021841049194336,"y":0.922316312789917,"z":11.174922943115235},"rotation":{"x":0.35149717330932619,"y":0.5897897481918335,"z":-0.3167788088321686,"w":0.6544073820114136},"size":5.983560562133789,"orthographic":false}