{"cameraMode":{"drawMode":0,"name":"Shaded","section":"Shading Mode"},"sceneLighting":true,"audioPlay":false,"sceneViewState":{"showFog":true,"showMaterialUpdate":true,"showSkybox":true,"showFlares":true,"showImageEffects":true,"showParticleSystems":true},"in2DMode":false,"pivot":{"x":35.723411560058597,"y":5.592472076416016,"z":33.87480163574219},"rotation":{"x":0.2122444361448288,"y":0.6665661931037903,"z":-0.20686237514019013,"w":0.6839955449104309},"size":180.52923583984376,"orthographic":false}