{"cameraMode":{"drawMode":0,"name":"Shaded","section":"Shading Mode"},"sceneLighting":false,"audioPlay":false,"sceneViewState":{"showFog":true,"showMaterialUpdate":false,"showSkybox":true,"showFlares":true,"showImageEffects":true,"showParticleSystems":true},"in2DMode":false,"pivot":{"x":-24.852859497070314,"y":0.01490212231874466,"z":17.093332290649415},"rotation":{"x":0.35149717330932619,"y":0.5897897481918335,"z":-0.3167788088321686,"w":0.6544073820114136},"size":2.0887527465820314,"orthographic":false}