{"cameraMode":{"drawMode":0,"name":"Shaded","section":"Shading Mode"},"sceneLighting":false,"audioPlay":false,"sceneViewState":{"showFog":true,"showMaterialUpdate":true,"showSkybox":true,"showFlares":true,"showImageEffects":true,"showParticleSystems":true},"in2DMode":false,"pivot":{"x":0.3774909973144531,"y":3.3253605365753176,"z":-0.16441726684570313},"rotation":{"x":-0.187820166349411,"y":-0.5538076162338257,"z":0.12990066409111024,"w":-0.8007162809371948},"size":25.348724365234376,"orthographic":false}