{"cameraMode":{"drawMode":0,"name":"Shaded","section":"Shading Mode"},"sceneLighting":false,"audioPlay":false,"sceneViewState":{"showFog":true,"showMaterialUpdate":true,"showSkybox":true,"showFlares":true,"showImageEffects":true,"showParticleSystems":true},"in2DMode":false,"pivot":{"x":-9.5367431640625e-7,"y":0.6388876438140869,"z":-9.5367431640625e-7},"rotation":{"x":0.39836585521698,"y":0.5839003920555115,"z":-0.39769864082336428,"w":0.5849794149398804},"size":38.36000061035156,"orthographic":false}