{"cameraMode":{"drawMode":0,"name":"Shaded","section":"Shading Mode"},"sceneLighting":true,"audioPlay":false,"sceneViewState":{"showFog":true,"showMaterialUpdate":true,"showSkybox":true,"showFlares":true,"showImageEffects":true,"showParticleSystems":true},"in2DMode":false,"pivot":{"x":6.845022201538086,"y":-26.04277801513672,"z":-1.5223538875579835},"rotation":{"x":0.32123109698295596,"y":0.6044277548789978,"z":-0.29044538736343386,"w":0.6686697602272034},"size":188.36135864257813,"orthographic":false}