{"cameraMode":{"drawMode":0,"name":"Shaded","section":"Shading Mode"},"sceneLighting":false,"audioPlay":false,"sceneViewState":{"showFog":true,"showMaterialUpdate":false,"showSkybox":true,"showFlares":true,"showImageEffects":true,"showParticleSystems":true},"in2DMode":false,"pivot":{"x":2.2175939083099367,"y":1.0698705911636353,"z":5.873045444488525},"rotation":{"x":0.35149717330932619,"y":0.5897897481918335,"z":-0.3167788088321686,"w":0.6544073820114136},"size":4.942413806915283,"orthographic":false}