{"cameraMode":{"drawMode":0,"name":"Shaded","section":"Shading Mode"},"sceneLighting":true,"audioPlay":false,"sceneViewState":{"showFog":true,"showMaterialUpdate":true,"showSkybox":true,"showFlares":true,"showImageEffects":true,"showParticleSystems":true},"in2DMode":false,"pivot":{"x":0.9678564071655273,"y":5.0865325927734379,"z":-9.382545471191407},"rotation":{"x":0.2634445130825043,"y":0.3539232313632965,"z":-0.10462028533220291,"w":0.8912855982780457},"size":24.277462005615236,"orthographic":false}