{"cameraMode":{"drawMode":0,"name":"Shaded","section":"Shading Mode"},"sceneLighting":false,"audioPlay":false,"sceneViewState":{"showFog":true,"showMaterialUpdate":true,"showSkybox":true,"showFlares":true,"showImageEffects":true,"showParticleSystems":true},"in2DMode":false,"pivot":{"x":-0.12251687049865723,"y":2.804372787475586,"z":0.5485618114471436},"rotation":{"x":-0.15637266635894776,"y":0.7873173952102661,"z":-0.22247712314128877,"w":-0.5533378720283508},"size":14.008040428161621,"orthographic":false}