{"cameraMode":{"drawMode":0,"name":"Shaded","section":"Shading Mode"},"sceneLighting":false,"audioPlay":false,"sceneViewState":{"showFog":true,"showMaterialUpdate":true,"showSkybox":true,"showFlares":true,"showImageEffects":true,"showParticleSystems":true},"in2DMode":false,"pivot":{"x":0.5088887214660645,"y":3.140713691711426,"z":-0.04313230514526367},"rotation":{"x":-0.27277013659477236,"y":-0.6546109914779663,"z":0.2750929594039917,"w":-0.6491569876670837},"size":31.43350601196289,"orthographic":false}