{"cameraMode":{"drawMode":0,"name":"Shaded","section":"Shading Mode"},"sceneLighting":true,"audioPlay":false,"sceneViewState":{"showFog":true,"showMaterialUpdate":true,"showSkybox":true,"showFlares":true,"showImageEffects":true,"showParticleSystems":true},"in2DMode":false,"pivot":{"x":-9.235736846923829,"y":8.556694030761719,"z":3.2325189113616945},"rotation":{"x":-0.23848293721675874,"y":-0.6852834820747376,"z":0.2558392584323883,"w":-0.6387948393821716},"size":21.082612991333009,"orthographic":false}