{"cameraMode":{"drawMode":0,"name":"Shaded","section":"Shading Mode"},"sceneLighting":true,"audioPlay":false,"sceneViewState":{"showFog":true,"showMaterialUpdate":true,"showSkybox":true,"showFlares":true,"showImageEffects":true,"showParticleSystems":true},"in2DMode":false,"pivot":{"x":4.282020568847656,"y":-17.64887237548828,"z":4.136019229888916},"rotation":{"x":0.32260555028915408,"y":0.6315689086914063,"z":-0.32591766119003298,"w":0.6251592040061951},"size":105.85028076171875,"orthographic":false}