{"cameraMode":{"drawMode":0,"name":"Shaded","section":"Shading Mode"},"sceneLighting":false,"audioPlay":false,"sceneViewState":{"showFog":true,"showMaterialUpdate":false,"showSkybox":true,"showFlares":true,"showImageEffects":true,"showParticleSystems":true},"in2DMode":false,"pivot":{"x":369.2753601074219,"y":71.43954467773438,"z":-277.721435546875},"rotation":{"x":0.1689903885126114,"y":0.007385841105133295,"z":-0.0012733512558043004,"w":0.9855892658233643},"size":1231.269287109375,"orthographic":false}