{"cameraMode":{"drawMode":0,"name":"Shaded","section":"Shading Mode"},"sceneLighting":false,"audioPlay":false,"sceneViewState":{"showFog":true,"showMaterialUpdate":false,"showSkybox":true,"showFlares":true,"showImageEffects":true,"showParticleSystems":true},"in2DMode":false,"pivot":{"x":0.0,"y":12.500000953674317,"z":-0.000001430511474609375},"rotation":{"x":0.2721971869468689,"y":0.6529412269592285,"z":-0.2725242078304291,"w":0.6521557569503784},"size":55.129554748535159,"orthographic":false}