{"cameraMode":{"drawMode":0,"name":"Shaded","section":"Shading Mode"},"sceneLighting":false,"audioPlay":false,"sceneViewState":{"showFog":true,"showMaterialUpdate":false,"showSkybox":true,"showFlares":true,"showImageEffects":true,"showParticleSystems":true},"in2DMode":false,"pivot":{"x":0.4627647399902344,"y":-0.008887290954589844,"z":5.901053428649902},"rotation":{"x":-0.17359834909439088,"y":-0.7498215436935425,"z":0.21675072610378266,"w":-0.6005417704582214},"size":16.97791862487793,"orthographic":false}