{"cameraMode":{"drawMode":0,"name":"Shaded","section":"Shading Mode"},"sceneLighting":true,"audioPlay":false,"sceneViewState":{"showFog":true,"showMaterialUpdate":true,"showSkybox":true,"showFlares":true,"showImageEffects":true,"showParticleSystems":true},"in2DMode":false,"pivot":{"x":2.42156982421875,"y":2.911468505859375,"z":-2.917752265930176},"rotation":{"x":-0.3124850392341614,"y":-0.6597048044204712,"z":0.3517896234989166,"w":-0.5859920978546143},"size":101.57972717285156,"orthographic":false}