{"cameraMode":{"drawMode":0,"name":"Shaded","section":"Shading Mode"},"sceneLighting":true,"audioPlay":false,"sceneViewState":{"showFog":true,"showMaterialUpdate":true,"showSkybox":true,"showFlares":true,"showImageEffects":true,"showParticleSystems":true},"in2DMode":false,"pivot":{"x":91.18048858642578,"y":-74.4077377319336,"z":-0.7663738131523132},"rotation":{"x":-0.22720856964588166,"y":-0.66728675365448,"z":0.22544240951538087,"w":-0.6725179553031921},"size":240.1062774658203,"orthographic":false}