{"cameraMode":{"drawMode":0,"name":"Shaded","section":"Shading Mode"},"sceneLighting":true,"audioPlay":false,"sceneViewState":{"showFog":true,"showMaterialUpdate":true,"showSkybox":true,"showFlares":true,"showImageEffects":true,"showParticleSystems":true},"in2DMode":false,"pivot":{"x":18.024574279785158,"y":-10.758110046386719,"z":-3.375457525253296},"rotation":{"x":-0.24661299586296082,"y":-0.6508104801177979,"z":0.23676012456417085,"w":-0.6779177188873291},"size":121.32067108154297,"orthographic":false}