{"cameraMode":{"drawMode":0,"name":"Shaded","section":"Shading Mode"},"sceneLighting":false,"audioPlay":false,"sceneViewState":{"showFog":true,"showMaterialUpdate":true,"showSkybox":true,"showFlares":true,"showImageEffects":true,"showParticleSystems":true},"in2DMode":false,"pivot":{"x":0.04147231578826904,"y":3.861079216003418,"z":1.323655605316162},"rotation":{"x":0.30826032161712649,"y":0.6535081267356873,"z":-0.3322708308696747,"w":0.6062168478965759},"size":15.728850364685059,"orthographic":false}