{"cameraMode":{"drawMode":0,"name":"Shaded","section":"Shading Mode"},"sceneLighting":false,"audioPlay":false,"sceneViewState":{"showFog":true,"showMaterialUpdate":true,"showSkybox":true,"showFlares":true,"showImageEffects":true,"showParticleSystems":true},"in2DMode":false,"pivot":{"x":-0.0005030632019042969,"y":1.2349998950958253,"z":-0.2721441984176636},"rotation":{"x":0.24000398814678193,"y":0.6668619513511658,"z":-0.24147222936153413,"w":0.6628608107566834},"size":10.668781280517579,"orthographic":false}