{"cameraMode":{"drawMode":0,"name":"Shaded","section":"Shading Mode"},"sceneLighting":true,"audioPlay":false,"sceneViewState":{"showFog":true,"showMaterialUpdate":true,"showSkybox":true,"showFlares":true,"showImageEffects":true,"showParticleSystems":true},"in2DMode":false,"pivot":{"x":42.0074462890625,"y":-78.1159896850586,"z":43.58815383911133},"rotation":{"x":0.2930629253387451,"y":0.6295520067214966,"z":-0.2779824137687683,"w":0.6637049317359924},"size":206.56983947753907,"orthographic":false}