{"cameraMode":{"drawMode":0,"name":"Shaded","section":"Shading Mode"},"sceneLighting":true,"audioPlay":false,"sceneViewState":{"showFog":true,"showMaterialUpdate":true,"showSkybox":true,"showFlares":true,"showImageEffects":true,"showParticleSystems":true},"in2DMode":false,"pivot":{"x":16.73802947998047,"y":-14.004084587097168,"z":11.666756629943848},"rotation":{"x":0.2608964741230011,"y":0.5026624798774719,"z":-0.1622970849275589,"w":0.8080366253852844},"size":111.44441223144531,"orthographic":false}