{"cameraMode":{"drawMode":0,"name":"Shaded","section":"Shading Mode"},"sceneLighting":true,"audioPlay":false,"sceneViewState":{"showFog":true,"showMaterialUpdate":true,"showSkybox":true,"showFlares":true,"showImageEffects":true,"showParticleSystems":true},"in2DMode":false,"pivot":{"x":81.22566223144531,"y":-87.85487365722656,"z":5.507979393005371},"rotation":{"x":-0.21980011463165284,"y":-0.6813004612922669,"z":0.22676630318164826,"w":-0.660374641418457},"size":202.5719757080078,"orthographic":false}