{"cameraMode":{"drawMode":0,"name":"Shaded","section":"Shading Mode"},"sceneLighting":false,"audioPlay":false,"sceneViewState":{"showFog":true,"showMaterialUpdate":false,"showSkybox":true,"showFlares":true,"showImageEffects":true,"showParticleSystems":true},"in2DMode":false,"pivot":{"x":-13.027755737304688,"y":0.1951024830341339,"z":-2.7121963500976564},"rotation":{"x":0.35149717330932619,"y":0.5897897481918335,"z":-0.3167788088321686,"w":0.6544073820114136},"size":2.2362372875213625,"orthographic":false}