{"cameraMode":{"drawMode":0,"name":"Shaded","section":"Shading Mode"},"sceneLighting":true,"audioPlay":false,"sceneViewState":{"showFog":true,"showMaterialUpdate":true,"showSkybox":true,"showFlares":true,"showImageEffects":true,"showParticleSystems":true},"in2DMode":false,"pivot":{"x":-1.0328807830810547,"y":-2.187842845916748,"z":2.336129903793335},"rotation":{"x":0.2891995310783386,"y":0.6166499853134155,"z":-0.26064780354499819,"w":0.6842289566993713},"size":24.766902923583986,"orthographic":false}