{"cameraMode":{"drawMode":0,"name":"Shaded","section":"Shading Mode"},"sceneLighting":true,"audioPlay":false,"sceneViewState":{"showFog":true,"showMaterialUpdate":true,"showSkybox":true,"showFlares":true,"showImageEffects":true,"showParticleSystems":true},"in2DMode":false,"pivot":{"x":10.839786529541016,"y":-11.485618591308594,"z":10.653898239135743},"rotation":{"x":0.14378149807453156,"y":0.6877316832542419,"z":-0.14187419414520265,"w":0.6972974538803101},"size":134.94366455078126,"orthographic":false}