{"cameraMode":{"drawMode":0,"name":"Shaded","section":"Shading Mode"},"sceneLighting":false,"audioPlay":false,"sceneViewState":{"showFog":true,"showMaterialUpdate":false,"showSkybox":true,"showFlares":true,"showImageEffects":true,"showParticleSystems":true},"in2DMode":false,"pivot":{"x":-4.76837158203125e-7,"y":0.053039729595184329,"z":-0.10379385948181153},"rotation":{"x":-0.16615255177021027,"y":-0.6678841710090637,"z":0.15667270123958589,"w":-0.7083626985549927},"size":18.758359909057618,"orthographic":false}