{"cameraMode":{"drawMode":0,"name":"Shaded","section":"Shading Mode"},"sceneLighting":false,"audioPlay":false,"sceneViewState":{"showFog":true,"showMaterialUpdate":true,"showSkybox":true,"showFlares":true,"showImageEffects":true,"showParticleSystems":true},"in2DMode":false,"pivot":{"x":0.0005030632019042969,"y":1.2249999046325684,"z":0.2721441984176636},"rotation":{"x":-0.31100010871887209,"y":-0.6337985992431641,"z":0.31099778413772585,"w":-0.6362850666046143},"size":10.681225776672364,"orthographic":false}