{"cameraMode":{"drawMode":0,"name":"Shaded","section":"Shading Mode"},"sceneLighting":false,"audioPlay":false,"sceneViewState":{"showFog":true,"showMaterialUpdate":false,"showSkybox":true,"showFlares":true,"showImageEffects":true,"showParticleSystems":true},"in2DMode":false,"pivot":{"x":0.0005030632019042969,"y":1.2349998950958253,"z":-0.27420365810394289},"rotation":{"x":0.2727953791618347,"y":0.6368361115455627,"z":-0.2579854726791382,"w":0.6733988523483276},"size":10.663269996643067,"orthographic":false}