{"cameraMode":{"drawMode":0,"name":"Shaded","section":"Shading Mode"},"sceneLighting":false,"audioPlay":false,"sceneViewState":{"showFog":true,"showMaterialUpdate":false,"showSkybox":true,"showFlares":true,"showImageEffects":true,"showParticleSystems":true},"in2DMode":false,"pivot":{"x":0.0005030632019042969,"y":1.2249999046325684,"z":0.2721441984176636},"rotation":{"x":0.28025585412979128,"y":0.6490336060523987,"z":-0.28008776903152468,"w":0.6494328379631043},"size":10.681225776672364,"orthographic":false}