{"cameraMode":{"drawMode":0,"name":"Shaded","section":"Shading Mode"},"sceneLighting":false,"audioPlay":false,"sceneViewState":{"showFog":true,"showMaterialUpdate":true,"showSkybox":true,"showFlares":true,"showImageEffects":true,"showParticleSystems":true},"in2DMode":false,"pivot":{"x":0.04147231578826904,"y":3.861079216003418,"z":1.323655605316162},"rotation":{"x":0.3082602918148041,"y":0.6535080671310425,"z":-0.3322708010673523,"w":0.6062167882919312},"size":15.728850364685059,"orthographic":false}