{"cameraMode":{"drawMode":0,"name":"Shaded","section":"Shading Mode"},"sceneLighting":true,"audioPlay":false,"sceneViewState":{"showFog":true,"showMaterialUpdate":true,"showSkybox":true,"showFlares":true,"showImageEffects":true,"showParticleSystems":true},"in2DMode":false,"pivot":{"x":33.09205627441406,"y":-39.59391784667969,"z":8.875190734863282},"rotation":{"x":-0.3013123571872711,"y":-0.631594717502594,"z":0.29188087582588198,"w":-0.6520004868507385},"size":149.3179168701172,"orthographic":false}