{"cameraMode":{"drawMode":0,"name":"Shaded","section":"Shading Mode"},"sceneLighting":true,"audioPlay":false,"sceneViewState":{"showFog":true,"showMaterialUpdate":true,"showSkybox":true,"showFlares":true,"showImageEffects":true,"showParticleSystems":true},"in2DMode":false,"pivot":{"x":-6.651195526123047,"y":7.926036834716797,"z":-13.907437324523926},"rotation":{"x":-0.15641973912715913,"y":-0.7015995383262634,"z":0.1623496264219284,"w":-0.6759686470031738},"size":123.08995819091797,"orthographic":false}