{"cameraMode":{"drawMode":0,"name":"Shaded","section":"Shading Mode"},"sceneLighting":false,"audioPlay":false,"sceneViewState":{"showFog":true,"showMaterialUpdate":false,"showSkybox":true,"showFlares":true,"showImageEffects":true,"showParticleSystems":true},"in2DMode":false,"pivot":{"x":-0.5712118148803711,"y":1.9408164024353028,"z":-0.3423779010772705},"rotation":{"x":-0.15932206809520722,"y":-0.628272533416748,"z":0.13352178037166596,"w":-0.7497079968452454},"size":8.955924987792969,"orthographic":false}