{"cameraMode":{"drawMode":0,"name":"Shaded","section":"Shading Mode"},"sceneLighting":false,"audioPlay":false,"sceneViewState":{"showFog":true,"showMaterialUpdate":false,"showSkybox":true,"showFlares":true,"showImageEffects":true,"showParticleSystems":true},"in2DMode":false,"pivot":{"x":0.24567174911499024,"y":1.0401053428649903,"z":-1.7905385494232178},"rotation":{"x":0.28491950035095217,"y":0.5657760500907898,"z":-0.2170446813106537,"w":0.7427045106887817},"size":7.7342963218688969,"orthographic":false}