{"cameraMode":{"drawMode":0,"name":"Shaded","section":"Shading Mode"},"sceneLighting":true,"audioPlay":false,"sceneViewState":{"showFog":true,"showMaterialUpdate":true,"showSkybox":true,"showFlares":true,"showImageEffects":true,"showParticleSystems":true},"in2DMode":false,"pivot":{"x":-8.823020935058594,"y":0.563018798828125,"z":1.867645263671875},"rotation":{"x":-0.2558439075946808,"y":-0.6586830019950867,"z":0.2554197311401367,"w":-0.6598798036575317},"size":107.48672485351563,"orthographic":false}