{"cameraMode":{"drawMode":0,"name":"Shaded","section":"Shading Mode"},"sceneLighting":false,"audioPlay":false,"sceneViewState":{"showFog":true,"showMaterialUpdate":true,"showSkybox":true,"showFlares":true,"showImageEffects":true,"showParticleSystems":true},"in2DMode":false,"pivot":{"x":-1.270883560180664,"y":6.3420729637146,"z":0.7685794830322266},"rotation":{"x":0.027952104806900026,"y":-0.8166841268539429,"z":-0.03973810374736786,"w":-0.5750362873077393},"size":17.734481811523439,"orthographic":false}