{"cameraMode":{"drawMode":0,"name":"Shaded","section":"Shading Mode"},"sceneLighting":false,"audioPlay":false,"sceneViewState":{"showFog":true,"showMaterialUpdate":true,"showSkybox":true,"showFlares":true,"showImageEffects":true,"showParticleSystems":true},"in2DMode":false,"pivot":{"x":0.14743900299072267,"y":3.27864408493042,"z":-0.007840633392333985},"rotation":{"x":0.28381046652793887,"y":0.6455984115600586,"z":-0.2816024124622345,"w":0.6506568789482117},"size":26.603864669799806,"orthographic":false}