{"cameraMode":{"drawMode":0,"name":"Shaded","section":"Shading Mode"},"sceneLighting":false,"audioPlay":false,"sceneViewState":{"showFog":true,"showMaterialUpdate":false,"showSkybox":true,"showFlares":true,"showImageEffects":true,"showParticleSystems":true},"in2DMode":false,"pivot":{"x":-0.7435684204101563,"y":0.2274789810180664,"z":0.9915981292724609},"rotation":{"x":0.3008157014846802,"y":0.22050274908542634,"z":-0.071706123650074,"w":0.925065815448761},"size":8.471994400024414,"orthographic":false}