{"cameraMode":{"drawMode":0,"name":"Shaded","section":"Shading Mode"},"sceneLighting":true,"audioPlay":false,"sceneViewState":{"showFog":true,"showMaterialUpdate":true,"showSkybox":true,"showFlares":true,"showImageEffects":true,"showParticleSystems":true},"in2DMode":false,"pivot":{"x":-7.878013610839844,"y":10.398536682128907,"z":2.765826463699341},"rotation":{"x":0.19236700236797334,"y":0.6732210516929627,"z":-0.18808697164058686,"w":0.6887608766555786},"size":122.07171630859375,"orthographic":false}