{"cameraMode":{"drawMode":0,"name":"Shaded","section":"Shading Mode"},"sceneLighting":false,"audioPlay":false,"sceneViewState":{"showFog":true,"showMaterialUpdate":true,"showSkybox":true,"showFlares":true,"showImageEffects":true,"showParticleSystems":true},"in2DMode":false,"pivot":{"x":-0.21519088745117188,"y":2.3431975841522219,"z":-0.007840156555175782},"rotation":{"x":-0.187820166349411,"y":-0.5538076162338257,"z":0.12990066409111024,"w":-0.8007162809371948},"size":24.12603759765625,"orthographic":false}