{"cameraMode":{"drawMode":0,"name":"Shaded","section":"Shading Mode"},"sceneLighting":false,"audioPlay":false,"sceneViewState":{"showFog":true,"showMaterialUpdate":false,"showSkybox":true,"showFlares":true,"showImageEffects":true,"showParticleSystems":true},"in2DMode":false,"pivot":{"x":-0.20500004291534425,"y":2.75,"z":0.08999991416931153},"rotation":{"x":-0.16264498233795167,"y":-0.6604814529418945,"z":0.14971311390399934,"w":-0.7175631523132324},"size":12.216631889343262,"orthographic":false}