{"cameraMode":{"drawMode":0,"name":"Shaded","section":"Shading Mode"},"sceneLighting":true,"audioPlay":false,"sceneViewState":{"showFog":true,"showMaterialUpdate":true,"showSkybox":true,"showFlares":true,"showImageEffects":true,"showParticleSystems":true},"in2DMode":false,"pivot":{"x":1.5887413024902344,"y":14.97530746459961,"z":8.352645874023438},"rotation":{"x":0.19041654467582704,"y":0.11309970170259476,"z":-0.022135259583592416,"w":0.9749154448509216},"size":162.09632873535157,"orthographic":false}