{"cameraMode":{"drawMode":0,"name":"Shaded","section":"Shading Mode"},"sceneLighting":true,"audioPlay":false,"sceneViewState":{"showFog":true,"showMaterialUpdate":true,"showSkybox":true,"showFlares":true,"showImageEffects":true,"showParticleSystems":true},"in2DMode":false,"pivot":{"x":-6.81512451171875,"y":6.999183654785156,"z":2.841686725616455},"rotation":{"x":0.25222069025039675,"y":0.671995997428894,"z":-0.2628890573978424,"w":0.6447445154190064},"size":96.4000244140625,"orthographic":false}