{"cameraMode":{"drawMode":0,"name":"Shaded","section":"Shading Mode"},"sceneLighting":true,"audioPlay":false,"sceneViewState":{"showFog":true,"showMaterialUpdate":true,"showSkybox":true,"showFlares":true,"showImageEffects":true,"showParticleSystems":true},"in2DMode":false,"pivot":{"x":2.9733123779296877,"y":-14.117965698242188,"z":-11.208951950073243},"rotation":{"x":-0.33117106556892397,"y":-0.6229782104492188,"z":0.3286365568637848,"w":-0.6278709173202515},"size":99.4365463256836,"orthographic":false}