{"cameraMode":{"drawMode":0,"name":"Shaded","section":"Shading Mode"},"sceneLighting":false,"audioPlay":false,"sceneViewState":{"showFog":true,"showMaterialUpdate":false,"showSkybox":true,"showFlares":true,"showImageEffects":true,"showParticleSystems":true},"in2DMode":false,"pivot":{"x":10.820664405822754,"y":1.3527103662490845,"z":16.53780174255371},"rotation":{"x":0.35149717330932619,"y":0.5897897481918335,"z":-0.3167788088321686,"w":0.6544073820114136},"size":1.851735234260559,"orthographic":false}