{"cameraMode":{"drawMode":0,"name":"Shaded","section":"Shading Mode"},"sceneLighting":true,"audioPlay":false,"sceneViewState":{"showFog":true,"showMaterialUpdate":true,"showSkybox":true,"showFlares":true,"showImageEffects":true,"showParticleSystems":true},"in2DMode":false,"pivot":{"x":-6.7276458740234379,"y":-14.114654541015625,"z":-4.4632415771484379},"rotation":{"x":0.3407962918281555,"y":0.4133455455303192,"z":-0.17038120329380036,"w":0.8270270228385925},"size":114.67880249023438,"orthographic":false}