{"cameraMode":{"drawMode":0,"name":"Shaded","section":"Shading Mode"},"sceneLighting":false,"audioPlay":false,"sceneViewState":{"showFog":true,"showMaterialUpdate":false,"showSkybox":true,"showFlares":true,"showImageEffects":true,"showParticleSystems":true},"in2DMode":false,"pivot":{"x":4.76837158203125e-7,"y":4.180717945098877,"z":-1.1920928955078126e-7},"rotation":{"x":0.188226118683815,"y":0.525015115737915,"z":-0.12033981829881668,"w":0.8212480545043945},"size":16.65712547302246,"orthographic":false}