{"cameraMode":{"drawMode":0,"name":"Shaded","section":"Shading Mode"},"sceneLighting":true,"audioPlay":false,"sceneViewState":{"showFog":true,"showMaterialUpdate":true,"showSkybox":true,"showFlares":true,"showImageEffects":true,"showParticleSystems":true},"in2DMode":false,"pivot":{"x":5.0308380126953129,"y":1.9240341186523438,"z":-3.2346415519714357},"rotation":{"x":0.3397373855113983,"y":0.6047310829162598,"z":-0.31783798336982729,"w":0.6464192867279053},"size":99.49388122558594,"orthographic":false}