{"cameraMode":{"drawMode":0,"name":"Shaded","section":"Shading Mode"},"sceneLighting":true,"audioPlay":false,"sceneViewState":{"showFog":true,"showMaterialUpdate":true,"showSkybox":true,"showFlares":true,"showImageEffects":true,"showParticleSystems":true},"in2DMode":false,"pivot":{"x":91.20889282226563,"y":-88.57938385009766,"z":15.89034652709961},"rotation":{"x":0.2991606891155243,"y":0.6285772919654846,"z":-0.2854761779308319,"w":0.6587085723876953},"size":323.80975341796877,"orthographic":false}