{"cameraMode":{"drawMode":0,"name":"Shaded","section":"Shading Mode"},"sceneLighting":true,"audioPlay":false,"sceneViewState":{"showFog":true,"showMaterialUpdate":false,"showSkybox":true,"showFlares":true,"showImageEffects":true,"showParticleSystems":true},"in2DMode":false,"pivot":{"x":-1.2558307647705079,"y":1.5135438442230225,"z":-3.517538070678711},"rotation":{"x":0.13116003572940827,"y":0.6905892491340637,"z":-0.12953460216522218,"w":0.6993599534034729},"size":36.30087661743164,"orthographic":false}