{"cameraMode":{"drawMode":0,"name":"Shaded","section":"Shading Mode"},"sceneLighting":false,"audioPlay":false,"sceneViewState":{"showFog":true,"showMaterialUpdate":false,"showSkybox":true,"showFlares":true,"showImageEffects":true,"showParticleSystems":true},"in2DMode":false,"pivot":{"x":-2.840200662612915,"y":3.7082574367523195,"z":1.0118849277496338},"rotation":{"x":0.19284342229366303,"y":0.7220694422721863,"z":-0.22242508828639985,"w":0.6260624527931213},"size":4.718344211578369,"orthographic":false}