{"cameraMode":{"drawMode":0,"name":"Shaded","section":"Shading Mode"},"sceneLighting":false,"audioPlay":false,"sceneViewState":{"showFog":true,"showMaterialUpdate":false,"showSkybox":true,"showFlares":true,"showImageEffects":true,"showParticleSystems":true},"in2DMode":false,"pivot":{"x":-1.4136877059936524,"y":1.0,"z":0.44284486770629885},"rotation":{"x":0.2498016655445099,"y":0.6388528943061829,"z":-0.23131601512432099,"w":0.6898978352546692},"size":21.67044448852539,"orthographic":false}