{"cameraMode":{"drawMode":0,"name":"Shaded","section":"Shading Mode"},"sceneLighting":false,"audioPlay":false,"sceneViewState":{"showFog":true,"showMaterialUpdate":true,"showSkybox":true,"showFlares":true,"showImageEffects":true,"showParticleSystems":true},"in2DMode":false,"pivot":{"x":-0.07127046585083008,"y":1.2245268821716309,"z":-0.002040863037109375},"rotation":{"x":-0.30501657724380495,"y":-0.6392449140548706,"z":0.30668944120407107,"w":-0.6358243227005005},"size":21.571184158325197,"orthographic":false}