{"cameraMode":{"drawMode":0,"name":"Shaded","section":"Shading Mode"},"sceneLighting":true,"audioPlay":false,"sceneViewState":{"showFog":true,"showMaterialUpdate":true,"showSkybox":true,"showFlares":true,"showImageEffects":true,"showParticleSystems":true},"in2DMode":false,"pivot":{"x":5.2621564865112309,"y":-6.021522521972656,"z":2.438392162322998},"rotation":{"x":0.3848460614681244,"y":0.5821605324745178,"z":-0.36291787028312685,"w":0.6174734234809876},"size":35.19565963745117,"orthographic":false}