{"cameraMode":{"drawMode":0,"name":"Shaded","section":"Shading Mode"},"sceneLighting":true,"audioPlay":false,"sceneViewState":{"showFog":true,"showMaterialUpdate":false,"showSkybox":true,"showFlares":true,"showImageEffects":true,"showParticleSystems":true},"in2DMode":false,"pivot":{"x":-1.420454978942871,"y":0.6480503082275391,"z":-0.6120839715003967},"rotation":{"x":-0.2998402714729309,"y":-0.6116518378257752,"z":0.2694191038608551,"w":-0.6807284355163574},"size":9.96268081665039,"orthographic":false}