{"cameraMode":{"drawMode":0,"name":"Shaded","section":"Shading Mode"},"sceneLighting":true,"audioPlay":false,"sceneViewState":{"showFog":true,"showMaterialUpdate":true,"showSkybox":true,"showFlares":true,"showImageEffects":true,"showParticleSystems":true},"in2DMode":false,"pivot":{"x":31.302215576171876,"y":-93.51850128173828,"z":36.60508728027344},"rotation":{"x":0.3594266474246979,"y":0.5851505398750305,"z":-0.32295143604278567,"w":0.6512401700019836},"size":208.0347900390625,"orthographic":false}