{"cameraMode":{"drawMode":0,"name":"Shaded","section":"Shading Mode"},"sceneLighting":true,"audioPlay":false,"sceneViewState":{"showFog":true,"showMaterialUpdate":true,"showSkybox":true,"showFlares":true,"showImageEffects":true,"showParticleSystems":true},"in2DMode":false,"pivot":{"x":5.184673309326172,"y":-10.75400161743164,"z":-12.664861679077149},"rotation":{"x":0.3588484823703766,"y":0.6058681607246399,"z":-0.35288190841674807,"w":0.6161379814147949},"size":70.65196228027344,"orthographic":false}