{"cameraMode":{"drawMode":0,"name":"Shaded","section":"Shading Mode"},"sceneLighting":false,"audioPlay":false,"sceneViewState":{"showFog":true,"showMaterialUpdate":true,"showSkybox":true,"showFlares":true,"showImageEffects":true,"showParticleSystems":true},"in2DMode":false,"pivot":{"x":0.0005030632019042969,"y":1.2249999046325684,"z":0.2721441984176636},"rotation":{"x":-0.2725113332271576,"y":-0.6607183218002319,"z":0.28114765882492068,"w":-0.6404255628585815},"size":10.681225776672364,"orthographic":false}