{"cameraMode":{"drawMode":0,"name":"Shaded","section":"Shading Mode"},"sceneLighting":false,"audioPlay":false,"sceneViewState":{"showFog":true,"showMaterialUpdate":false,"showSkybox":true,"showFlares":true,"showImageEffects":true,"showParticleSystems":true},"in2DMode":false,"pivot":{"x":10.19614315032959,"y":-13.924458503723145,"z":1.567225456237793},"rotation":{"x":0.3340626657009125,"y":0.6201123595237732,"z":-0.3294873833656311,"w":0.6287295818328857},"size":27.627269744873048,"orthographic":false}