{"cameraMode":{"drawMode":0,"name":"Shaded","section":"Shading Mode"},"sceneLighting":true,"audioPlay":false,"sceneViewState":{"showFog":true,"showMaterialUpdate":true,"showSkybox":true,"showFlares":true,"showImageEffects":true,"showParticleSystems":true},"in2DMode":false,"pivot":{"x":10.926159858703614,"y":14.158035278320313,"z":-39.14723205566406},"rotation":{"x":0.21034492552280427,"y":-0.06447795778512955,"z":0.013850805349647999,"w":0.9754002690315247},"size":46.50817108154297,"orthographic":false}