{"cameraMode":{"drawMode":0,"name":"Shaded","section":"Shading Mode"},"sceneLighting":true,"audioPlay":false,"sceneViewState":{"showFog":true,"showMaterialUpdate":true,"showSkybox":true,"showFlares":true,"showImageEffects":true,"showParticleSystems":true},"in2DMode":false,"pivot":{"x":15.477886199951172,"y":-17.71213150024414,"z":2.344676971435547},"rotation":{"x":-0.2532084584236145,"y":-0.696815550327301,"z":0.29208239912986758,"w":-0.6041700839996338},"size":119.07754516601563,"orthographic":false}