{"cameraMode":{"drawMode":0,"name":"Shaded","section":"Shading Mode"},"sceneLighting":true,"audioPlay":false,"sceneViewState":{"showFog":true,"showMaterialUpdate":true,"showSkybox":true,"showFlares":true,"showImageEffects":true,"showParticleSystems":true},"in2DMode":false,"pivot":{"x":-1.5163459777832032,"y":-11.192291259765625,"z":1.7618342638015748},"rotation":{"x":0.33443012833595278,"y":0.629093587398529,"z":-0.34400683641433718,"w":0.6116020679473877},"size":90.8355712890625,"orthographic":false}