{"cameraMode":{"drawMode":0,"name":"Shaded","section":"Shading Mode"},"sceneLighting":false,"audioPlay":false,"sceneViewState":{"showFog":true,"showMaterialUpdate":false,"showSkybox":true,"showFlares":true,"showImageEffects":true,"showParticleSystems":true},"in2DMode":false,"pivot":{"x":-0.36287498474121096,"y":1.6524944305419922,"z":1.4450337886810303},"rotation":{"x":0.23998308181762696,"y":0.6570310592651367,"z":-0.23346400260925294,"w":0.6754353642463684},"size":11.162528991699219,"orthographic":false}