{"cameraMode":{"drawMode":0,"name":"Shaded","section":"Shading Mode"},"sceneLighting":false,"audioPlay":false,"sceneViewState":{"showFog":true,"showMaterialUpdate":false,"showSkybox":true,"showFlares":true,"showImageEffects":true,"showParticleSystems":true},"in2DMode":false,"pivot":{"x":1.1920928955078126e-7,"y":1.2000000476837159,"z":0.0},"rotation":{"x":0.2347211092710495,"y":0.42376449704170229,"z":-0.11469026654958725,"w":0.8672807216644287},"size":9.728006362915039,"orthographic":false}