{"cameraMode":{"drawMode":0,"name":"Shaded","section":"Shading Mode"},"sceneLighting":true,"audioPlay":false,"sceneViewState":{"showFog":true,"showMaterialUpdate":true,"showSkybox":true,"showFlares":true,"showImageEffects":true,"showParticleSystems":true},"in2DMode":false,"pivot":{"x":-34.83157730102539,"y":8.254644393920899,"z":-18.11874008178711},"rotation":{"x":0.19373109936714173,"y":0.5965860486030579,"z":-0.15135681629180909,"w":0.7639662623405457},"size":83.17810821533203,"orthographic":false}