{"cameraMode":{"drawMode":0,"name":"Shaded","section":"Shading Mode"},"sceneLighting":false,"audioPlay":false,"sceneViewState":{"showFog":true,"showMaterialUpdate":false,"showSkybox":true,"showFlares":true,"showImageEffects":true,"showParticleSystems":true},"in2DMode":false,"pivot":{"x":-0.18947577476501466,"y":-0.3268084228038788,"z":0.5127362012863159},"rotation":{"x":-0.19812637567520142,"y":-0.5677471160888672,"z":0.14309577643871308,"w":-0.7860870361328125},"size":2.764869451522827,"orthographic":false}