{"cameraMode":{"drawMode":0,"name":"Shaded","section":"Shading Mode"},"sceneLighting":true,"audioPlay":false,"sceneViewState":{"showFog":true,"showMaterialUpdate":true,"showSkybox":true,"showFlares":true,"showImageEffects":true,"showParticleSystems":true},"in2DMode":false,"pivot":{"x":-12.810211181640625,"y":4.345104217529297,"z":4.4904255867004398},"rotation":{"x":-0.23848293721675874,"y":-0.6852834820747376,"z":0.2558392584323883,"w":-0.6387948393821716},"size":79.06051635742188,"orthographic":false}