{"cameraMode":{"drawMode":0,"name":"Shaded","section":"Shading Mode"},"sceneLighting":false,"audioPlay":false,"sceneViewState":{"showFog":true,"showMaterialUpdate":true,"showSkybox":true,"showFlares":true,"showImageEffects":true,"showParticleSystems":true},"in2DMode":false,"pivot":{"x":4.364360809326172,"y":0.5550270080566406,"z":34.31473159790039},"rotation":{"x":-0.37528061866760256,"y":-0.598971962928772,"z":0.37461528182029726,"w":-0.6000505089759827},"size":92.42794036865235,"orthographic":false}