{"cameraMode":{"drawMode":0,"name":"Shaded","section":"Shading Mode"},"sceneLighting":true,"audioPlay":false,"sceneViewState":{"showFog":true,"showMaterialUpdate":true,"showSkybox":true,"showFlares":true,"showImageEffects":true,"showParticleSystems":true},"in2DMode":false,"pivot":{"x":-1.1523170471191407,"y":-11.572006225585938,"z":-3.437248706817627},"rotation":{"x":0.3865568935871124,"y":0.6029406785964966,"z":-0.4159703552722931,"w":0.5603615641593933},"size":87.7323226928711,"orthographic":false}