{"cameraMode":{"drawMode":0,"name":"Shaded","section":"Shading Mode"},"sceneLighting":false,"audioPlay":false,"sceneViewState":{"showFog":true,"showMaterialUpdate":false,"showSkybox":true,"showFlares":true,"showImageEffects":true,"showParticleSystems":true},"in2DMode":false,"pivot":{"x":-6.200145721435547,"y":2.2228710651397707,"z":-43.9423828125},"rotation":{"x":0.3545360565185547,"y":-0.4276726245880127,"z":0.1871524304151535,"w":0.8101692795753479},"size":22.32147979736328,"orthographic":false}