{"cameraMode":{"drawMode":0,"name":"Shaded","section":"Shading Mode"},"sceneLighting":false,"audioPlay":false,"sceneViewState":{"showFog":true,"showMaterialUpdate":false,"showSkybox":true,"showFlares":true,"showImageEffects":true,"showParticleSystems":true},"in2DMode":false,"pivot":{"x":1.1920928955078126e-7,"y":1.2000000476837159,"z":0.0},"rotation":{"x":-0.13281168043613435,"y":-0.702886700630188,"z":0.13620290160179139,"w":-0.6853905320167542},"size":9.728006362915039,"orthographic":false}