{"cameraMode":{"drawMode":0,"name":"Shaded","section":"Shading Mode"},"sceneLighting":true,"audioPlay":false,"sceneViewState":{"showFog":true,"showMaterialUpdate":true,"showSkybox":true,"showFlares":true,"showImageEffects":true,"showParticleSystems":true},"in2DMode":false,"pivot":{"x":-14.795686721801758,"y":-15.121383666992188,"z":-0.20447289943695069},"rotation":{"x":0.4682854115962982,"y":0.5303494334220886,"z":-0.4731072783470154,"w":0.5249836444854736},"size":131.54177856445313,"orthographic":false}