{"cameraMode":{"drawMode":0,"name":"Shaded","section":"Shading Mode"},"sceneLighting":false,"audioPlay":false,"sceneViewState":{"showFog":true,"showMaterialUpdate":false,"showSkybox":true,"showFlares":true,"showImageEffects":true,"showParticleSystems":true},"in2DMode":false,"pivot":{"x":3.999999761581421,"y":0.8499999642372131,"z":-3.999999761581421},"rotation":{"x":0.188226118683815,"y":0.525015115737915,"z":-0.12033981829881668,"w":0.8212480545043945},"size":9.746179580688477,"orthographic":false}