{"cameraMode":{"drawMode":0,"name":"Shaded","section":"Shading Mode"},"sceneLighting":false,"audioPlay":false,"sceneViewState":{"showFog":true,"showMaterialUpdate":true,"showSkybox":true,"showFlares":true,"showImageEffects":true,"showParticleSystems":true},"in2DMode":false,"pivot":{"x":360.3999938964844,"y":220.5,"z":2.2344322204589845},"rotation":{"x":0.1711929589509964,"y":0.6978702545166016,"z":-0.17768357694149018,"w":0.6723828911781311},"size":1587.552490234375,"orthographic":false}