{"cameraMode":{"drawMode":0,"name":"Shaded","section":"Shading Mode"},"sceneLighting":true,"audioPlay":false,"sceneViewState":{"showFog":true,"showMaterialUpdate":true,"showSkybox":true,"showFlares":true,"showImageEffects":true,"showParticleSystems":true},"in2DMode":false,"pivot":{"x":-2.3991928100585939,"y":5.284736633300781,"z":13.553778648376465},"rotation":{"x":-0.28979581594467165,"y":-0.6468406915664673,"z":0.2918914556503296,"w":-0.6421954035758972},"size":121.06657409667969,"orthographic":false}