{"cameraMode":{"drawMode":0,"name":"Shaded","section":"Shading Mode"},"sceneLighting":false,"audioPlay":false,"sceneViewState":{"showFog":true,"showMaterialUpdate":false,"showSkybox":true,"showFlares":true,"showImageEffects":true,"showParticleSystems":true},"in2DMode":false,"pivot":{"x":-3.6883158683776857,"y":2.883383274078369,"z":4.821353435516357},"rotation":{"x":0.18007053434848786,"y":0.6370581388473511,"z":-0.15649878978729249,"w":0.732966423034668},"size":10.153432846069336,"orthographic":false}