{"cameraMode":{"drawMode":0,"name":"Shaded","section":"Shading Mode"},"sceneLighting":true,"audioPlay":false,"sceneViewState":{"showFog":true,"showMaterialUpdate":true,"showSkybox":true,"showFlares":true,"showImageEffects":true,"showParticleSystems":true},"in2DMode":false,"pivot":{"x":27.13019561767578,"y":-5.084659576416016,"z":13.163247108459473},"rotation":{"x":0.09394246339797974,"y":0.6823961734771729,"z":-0.08917627483606339,"w":0.719415009021759},"size":108.2380599975586,"orthographic":false}