{"cameraMode":{"drawMode":0,"name":"Shaded","section":"Shading Mode"},"sceneLighting":true,"audioPlay":false,"sceneViewState":{"showFog":true,"showMaterialUpdate":true,"showSkybox":true,"showFlares":true,"showImageEffects":true,"showParticleSystems":true},"in2DMode":false,"pivot":{"x":-14.426334381103516,"y":8.314445495605469,"z":-6.492786407470703},"rotation":{"x":0.2286217212677002,"y":0.49794042110443118,"z":-0.1379753202199936,"w":0.8250758647918701},"size":85.77114868164063,"orthographic":false}