{"cameraMode":{"drawMode":0,"name":"Shaded","section":"Shading Mode"},"sceneLighting":true,"audioPlay":false,"sceneViewState":{"showFog":true,"showMaterialUpdate":true,"showSkybox":true,"showFlares":true,"showImageEffects":true,"showParticleSystems":true},"in2DMode":false,"pivot":{"x":-13.660110473632813,"y":4.657905578613281,"z":-4.5880327224731449},"rotation":{"x":0.35885003209114077,"y":0.6058697700500488,"z":-0.3528798222541809,"w":0.6161366701126099},"size":84.30350494384766,"orthographic":false}