{"cameraMode":{"drawMode":0,"name":"Shaded","section":"Shading Mode"},"sceneLighting":false,"audioPlay":false,"sceneViewState":{"showFog":true,"showMaterialUpdate":true,"showSkybox":true,"showFlares":true,"showImageEffects":true,"showParticleSystems":true},"in2DMode":false,"pivot":{"x":0.0005030632019042969,"y":1.2249999046325684,"z":-0.27420365810394289},"rotation":{"x":0.18288256227970124,"y":0.5738532543182373,"z":-0.13334126770496369,"w":0.7870619893074036},"size":10.675721168518067,"orthographic":false}