{"cameraMode":{"drawMode":0,"name":"Shaded","section":"Shading Mode"},"sceneLighting":false,"audioPlay":false,"sceneViewState":{"showFog":true,"showMaterialUpdate":false,"showSkybox":true,"showFlares":true,"showImageEffects":true,"showParticleSystems":true},"in2DMode":false,"pivot":{"x":-0.8503544330596924,"y":1.0,"z":-0.7586119174957275},"rotation":{"x":0.21034260094165803,"y":0.6390860676765442,"z":-0.1878584772348404,"w":0.7155656814575195},"size":18.858781814575197,"orthographic":false}