{"cameraMode":{"drawMode":0,"name":"Shaded","section":"Shading Mode"},"sceneLighting":false,"audioPlay":false,"sceneViewState":{"showFog":true,"showMaterialUpdate":false,"showSkybox":true,"showFlares":true,"showImageEffects":true,"showParticleSystems":true},"in2DMode":false,"pivot":{"x":-0.8899999856948853,"y":1.0000001192092896,"z":-0.12000000476837158},"rotation":{"x":0.1651546061038971,"y":0.6810919642448425,"z":-0.16191516816616059,"w":0.6947094202041626},"size":14.41970157623291,"orthographic":false}