{"cameraMode":{"drawMode":0,"name":"Shaded","section":"Shading Mode"},"sceneLighting":false,"audioPlay":false,"sceneViewState":{"showFog":true,"showMaterialUpdate":false,"showSkybox":true,"showFlares":true,"showImageEffects":true,"showParticleSystems":true},"in2DMode":false,"pivot":{"x":-4.76837158203125e-7,"y":10.05303955078125,"z":-150.10379028320313},"rotation":{"x":-0.21974457800388337,"y":-0.6633350253105164,"z":0.21351823210716248,"w":-0.6827217936515808},"size":18.758352279663087,"orthographic":false}