{"cameraMode":{"drawMode":0,"name":"Shaded","section":"Shading Mode"},"sceneLighting":true,"audioPlay":false,"sceneViewState":{"showFog":true,"showMaterialUpdate":true,"showSkybox":true,"showFlares":true,"showImageEffects":true,"showParticleSystems":true},"in2DMode":false,"pivot":{"x":3.8311614990234377,"y":-7.5699462890625,"z":4.22212028503418},"rotation":{"x":0.22019360959529878,"y":0.6731911897659302,"z":-0.2211700826883316,"w":0.6703820824623108},"size":151.15113830566407,"orthographic":false}