{"cameraMode":{"drawMode":0,"name":"Shaded","section":"Shading Mode"},"sceneLighting":false,"audioPlay":false,"sceneViewState":{"showFog":true,"showMaterialUpdate":false,"showSkybox":true,"showFlares":true,"showImageEffects":true,"showParticleSystems":true},"in2DMode":false,"pivot":{"x":0.0005030632019042969,"y":1.4058809280395508,"z":-0.002059459686279297},"rotation":{"x":-0.11997116357088089,"y":-0.8518651723861694,"z":0.2228822112083435,"w":-0.4585369825363159},"size":10.219220161437989,"orthographic":false}