{"cameraMode":{"drawMode":0,"name":"Shaded","section":"Shading Mode"},"sceneLighting":true,"audioPlay":false,"sceneViewState":{"showFog":true,"showMaterialUpdate":true,"showSkybox":true,"showFlares":true,"showImageEffects":true,"showParticleSystems":true},"in2DMode":false,"pivot":{"x":3.8311614990234377,"y":-7.5699462890625,"z":4.22212028503418},"rotation":{"x":0.2658802270889282,"y":0.6480291485786438,"z":-0.25915569067001345,"w":0.6649844646453857},"size":127.7813720703125,"orthographic":false}