{"cameraMode":{"drawMode":0,"name":"Shaded","section":"Shading Mode"},"sceneLighting":true,"audioPlay":false,"sceneViewState":{"showFog":true,"showMaterialUpdate":true,"showSkybox":true,"showFlares":true,"showImageEffects":true,"showParticleSystems":true},"in2DMode":false,"pivot":{"x":-14.426334381103516,"y":8.314445495605469,"z":-6.492786407470703},"rotation":{"x":0.2286217361688614,"y":0.49794045090675356,"z":-0.13797533512115479,"w":0.8250759243965149},"size":85.77114868164063,"orthographic":false}