{"cameraMode":{"drawMode":0,"name":"Shaded","section":"Shading Mode"},"sceneLighting":true,"audioPlay":false,"sceneViewState":{"showFog":true,"showMaterialUpdate":true,"showSkybox":true,"showFlares":true,"showImageEffects":true,"showParticleSystems":true},"in2DMode":false,"pivot":{"x":-9.291778564453125,"y":7.608757019042969,"z":12.282503128051758},"rotation":{"x":0.32928770780563357,"y":0.6273725032806397,"z":-0.3316648006439209,"w":0.6228739023208618},"size":81.67301177978516,"orthographic":false}