{"cameraMode":{"drawMode":0,"name":"Shaded","section":"Shading Mode"},"sceneLighting":false,"audioPlay":false,"sceneViewState":{"showFog":true,"showMaterialUpdate":false,"showSkybox":true,"showFlares":true,"showImageEffects":true,"showParticleSystems":true},"in2DMode":false,"pivot":{"x":0.0,"y":1.5415456295013428,"z":1.1920928955078126e-7},"rotation":{"x":0.016000239178538324,"y":0.9559634923934937,"z":-0.28819847106933596,"w":0.053099632263183597},"size":10.630078315734864,"orthographic":false}