{"cameraMode":{"drawMode":0,"name":"Shaded","section":"Shading Mode"},"sceneLighting":false,"audioPlay":false,"sceneViewState":{"showFog":true,"showMaterialUpdate":false,"showSkybox":true,"showFlares":true,"showImageEffects":true,"showParticleSystems":true},"in2DMode":false,"pivot":{"x":0.5015053749084473,"y":1.736863136291504,"z":-15.686246871948243},"rotation":{"x":0.15629634261131288,"y":0.6760856509208679,"z":-0.15005207061767579,"w":0.704247236251831},"size":5.804452896118164,"orthographic":false}