{"cameraMode":{"drawMode":0,"name":"Shaded","section":"Shading Mode"},"sceneLighting":true,"audioPlay":false,"sceneViewState":{"showFog":true,"showMaterialUpdate":true,"showSkybox":true,"showFlares":true,"showImageEffects":true,"showParticleSystems":true},"in2DMode":false,"pivot":{"x":-12.73873519897461,"y":0.2448577880859375,"z":-9.970582008361817},"rotation":{"x":-0.09140142798423767,"y":-0.7026230692863464,"z":0.09178411960601807,"w":-0.6996731162071228},"size":106.7928466796875,"orthographic":false}