{"cameraMode":{"drawMode":0,"name":"Shaded","section":"Shading Mode"},"sceneLighting":false,"audioPlay":false,"sceneViewState":{"showFog":true,"showMaterialUpdate":false,"showSkybox":true,"showFlares":true,"showImageEffects":true,"showParticleSystems":true},"in2DMode":false,"pivot":{"x":0.0005030632019042969,"y":1.2249999046325684,"z":0.2721441984176636},"rotation":{"x":0.2962783873081207,"y":0.6426433324813843,"z":-0.2969898581504822,"w":0.6411128640174866},"size":8.484728813171387,"orthographic":false}