{"cameraMode":{"drawMode":0,"name":"Shaded","section":"Shading Mode"},"sceneLighting":true,"audioPlay":false,"sceneViewState":{"showFog":true,"showMaterialUpdate":true,"showSkybox":true,"showFlares":true,"showImageEffects":true,"showParticleSystems":true},"in2DMode":false,"pivot":{"x":-10.876602172851563,"y":9.145771026611329,"z":6.937442779541016},"rotation":{"x":0.22185681760311128,"y":0.6761916875839233,"z":-0.22553512454032899,"w":0.6653407216072083},"size":56.498008728027347,"orthographic":false}