{"cameraMode":{"drawMode":0,"name":"Shaded","section":"Shading Mode"},"sceneLighting":false,"audioPlay":false,"sceneViewState":{"showFog":true,"showMaterialUpdate":true,"showSkybox":true,"showFlares":true,"showImageEffects":true,"showParticleSystems":true},"in2DMode":false,"pivot":{"x":0.007071018218994141,"y":4.574999809265137,"z":1.1920928955078126e-7},"rotation":{"x":-0.27669093012809756,"y":-0.6709741353988648,"z":0.29990386962890627,"w":-0.6191070079803467},"size":18.06299591064453,"orthographic":false}