{"cameraMode":{"drawMode":0,"name":"Shaded","section":"Shading Mode"},"sceneLighting":false,"audioPlay":false,"sceneViewState":{"showFog":true,"showMaterialUpdate":true,"showSkybox":true,"showFlares":true,"showImageEffects":true,"showParticleSystems":true},"in2DMode":false,"pivot":{"x":0.0005030632019042969,"y":1.2249999046325684,"z":-0.27420365810394289},"rotation":{"x":-0.24661299586296082,"y":-0.6508104801177979,"z":0.23676012456417085,"w":-0.6779177188873291},"size":10.675721168518067,"orthographic":false}