{"cameraMode":{"drawMode":0,"name":"Shaded","section":"Shading Mode"},"sceneLighting":true,"audioPlay":false,"sceneViewState":{"showFog":true,"showMaterialUpdate":true,"showSkybox":true,"showFlares":true,"showImageEffects":true,"showParticleSystems":true},"in2DMode":false,"pivot":{"x":3.361469268798828,"y":13.08004379272461,"z":-31.331697463989259},"rotation":{"x":0.4199969470500946,"y":0.5596518516540527,"z":-0.39485734701156618,"w":0.5953823328018189},"size":112.0455322265625,"orthographic":false}