{"cameraMode":{"drawMode":0,"name":"Shaded","section":"Shading Mode"},"sceneLighting":true,"audioPlay":false,"sceneViewState":{"showFog":true,"showMaterialUpdate":true,"showSkybox":true,"showFlares":true,"showImageEffects":true,"showParticleSystems":true},"in2DMode":false,"pivot":{"x":21.296472549438478,"y":-4.561853885650635,"z":8.324114799499512},"rotation":{"x":-0.11429868638515473,"y":-0.8547491431236267,"z":0.21272042393684388,"w":-0.45944494009017947},"size":68.84272766113281,"orthographic":false}