{"cameraMode":{"drawMode":0,"name":"Shaded","section":"Shading Mode"},"sceneLighting":false,"audioPlay":false,"sceneViewState":{"showFog":true,"showMaterialUpdate":false,"showSkybox":true,"showFlares":true,"showImageEffects":true,"showParticleSystems":true},"in2DMode":false,"pivot":{"x":-0.18341326713562013,"y":1.1182379722595215,"z":0.7818337678909302},"rotation":{"x":0.35984185338020327,"y":0.5963774919509888,"z":-0.3394860327243805,"w":0.6321368217468262},"size":13.790237426757813,"orthographic":false}