{"cameraMode":{"drawMode":0,"name":"Shaded","section":"Shading Mode"},"sceneLighting":true,"audioPlay":false,"sceneViewState":{"showFog":true,"showMaterialUpdate":true,"showSkybox":true,"showFlares":true,"showImageEffects":true,"showParticleSystems":true},"in2DMode":false,"pivot":{"x":29.28448486328125,"y":-67.52262115478516,"z":65.14776611328125},"rotation":{"x":0.279878169298172,"y":0.26756444573402407,"z":-0.08154048025608063,"w":0.9183836579322815},"size":202.17730712890626,"orthographic":false}