{"cameraMode":{"drawMode":0,"name":"Shaded","section":"Shading Mode"},"sceneLighting":false,"audioPlay":false,"sceneViewState":{"showFog":true,"showMaterialUpdate":true,"showSkybox":true,"showFlares":true,"showImageEffects":true,"showParticleSystems":true},"in2DMode":false,"pivot":{"x":1.9374176263809205,"y":1.1986509561538697,"z":1.364157795906067},"rotation":{"x":0.05934392660856247,"y":0.911020040512085,"z":-0.14133267104625703,"w":0.38281306624412539},"size":113.49000549316406,"orthographic":false}