{"cameraMode":{"drawMode":0,"name":"Shaded","section":"Shading Mode"},"sceneLighting":true,"audioPlay":false,"sceneViewState":{"showFog":true,"showMaterialUpdate":true,"showSkybox":true,"showFlares":true,"showImageEffects":true,"showParticleSystems":true},"in2DMode":false,"pivot":{"x":5.006526947021484,"y":10.122077941894532,"z":-4.854048728942871},"rotation":{"x":-0.18946002423763276,"y":-0.707966148853302,"z":0.20695343613624574,"w":-0.6481196284294128},"size":138.06040954589845,"orthographic":false}