{"cameraMode":{"drawMode":0,"name":"Shaded","section":"Shading Mode"},"sceneLighting":false,"audioPlay":false,"sceneViewState":{"showFog":true,"showMaterialUpdate":true,"showSkybox":true,"showFlares":true,"showImageEffects":true,"showParticleSystems":true},"in2DMode":false,"pivot":{"x":-16.0,"y":21.174022674560548,"z":2.2344322204589845},"rotation":{"x":0.2626393437385559,"y":0.6542038917541504,"z":-0.26047465205192568,"w":0.6596899628639221},"size":244.0853729248047,"orthographic":false}