{"cameraMode":{"drawMode":0,"name":"Shaded","section":"Shading Mode"},"sceneLighting":false,"audioPlay":false,"sceneViewState":{"showFog":false,"showMaterialUpdate":false,"showSkybox":false,"showFlares":false,"showImageEffects":false,"showParticleSystems":true},"in2DMode":false,"pivot":{"x":5.472631931304932,"y":-3.1304664611816408,"z":3.8226349353790285},"rotation":{"x":-0.22847430408000947,"y":-0.6408863663673401,"z":0.2084086537361145,"w":-0.7025881409645081},"size":13.006263732910157,"orthographic":false}