{"cameraMode":{"drawMode":0,"name":"Shaded","section":"Shading Mode"},"sceneLighting":true,"audioPlay":false,"sceneViewState":{"showFog":false,"showMaterialUpdate":false,"showSkybox":false,"showFlares":false,"showImageEffects":false,"showParticleSystems":true},"in2DMode":false,"pivot":{"x":-13.978067398071289,"y":20.865768432617189,"z":-5.042123794555664},"rotation":{"x":0.49324312806129458,"y":0.44286590814590456,"z":-0.3235100507736206,"w":0.6752201318740845},"size":174.31646728515626,"orthographic":false}