{"cameraMode":{"drawMode":0,"name":"Shaded","section":"Shading Mode"},"sceneLighting":false,"audioPlay":false,"sceneViewState":{"showFog":false,"showMaterialUpdate":false,"showSkybox":false,"showFlares":false,"showImageEffects":false,"showParticleSystems":true},"in2DMode":false,"pivot":{"x":21.499156951904298,"y":30.619590759277345,"z":83.4578857421875},"rotation":{"x":-0.1605248898267746,"y":-0.6751756072044373,"z":0.1541062891483307,"w":-0.7032930254936218},"size":79.79817962646485,"orthographic":false}