{"cameraMode":{"drawMode":0,"name":"Shaded","section":"Shading Mode"},"sceneLighting":false,"audioPlay":false,"sceneViewState":{"showFog":false,"showMaterialUpdate":false,"showSkybox":false,"showFlares":false,"showImageEffects":false,"showParticleSystems":true},"in2DMode":false,"pivot":{"x":0.07832574844360352,"y":1.1898293495178223,"z":-0.40302038192749026},"rotation":{"x":0.23495084047317506,"y":0.4160475432872772,"z":-0.11219295114278794,"w":0.8712722659111023},"size":5.53330659866333,"orthographic":false}