{"cameraMode":{"drawMode":0,"name":"Shaded","section":"Shading Mode"},"sceneLighting":false,"audioPlay":false,"sceneViewState":{"showFog":false,"showMaterialUpdate":false,"showSkybox":false,"showFlares":false,"showImageEffects":false,"showParticleSystems":true},"in2DMode":false,"pivot":{"x":-0.11909770965576172,"y":0.9401445388793945,"z":-0.8255553245544434},"rotation":{"x":-0.1605248898267746,"y":-0.6751756072044373,"z":0.1541062891483307,"w":-0.7032930254936218},"size":6.604214668273926,"orthographic":false}