{"cameraMode":{"drawMode":0,"name":"Shaded","section":"Shading Mode"},"sceneLighting":false,"audioPlay":false,"sceneViewState":{"showFog":false,"showMaterialUpdate":false,"showSkybox":false,"showFlares":false,"showImageEffects":false,"showParticleSystems":true},"in2DMode":false,"pivot":{"x":0.0005030632019042969,"y":1.2349998950958253,"z":-0.27420365810394289},"rotation":{"x":-0.2222759872674942,"y":-0.5905025005340576,"z":0.17358092963695527,"w":-0.7561546564102173},"size":6.725804328918457,"orthographic":false}