{"cameraMode":{"drawMode":0,"name":"Shaded","section":"Shading Mode"},"sceneLighting":false,"audioPlay":false,"sceneViewState":{"showFog":false,"showMaterialUpdate":false,"showSkybox":false,"showFlares":false,"showImageEffects":false,"showParticleSystems":true},"in2DMode":false,"pivot":{"x":-4.154421806335449,"y":2.833618640899658,"z":-21.835277557373048},"rotation":{"x":0.23566633462905885,"y":0.4564353823661804,"z":-0.12676391005516053,"w":0.8485629558563232},"size":21.0112361907959,"orthographic":false}