{"cameraMode":{"drawMode":0,"name":"Shaded","section":"Shading Mode"},"sceneLighting":false,"audioPlay":false,"sceneViewState":{"showFog":false,"showMaterialUpdate":false,"showSkybox":false,"showFlares":false,"showImageEffects":false,"showParticleSystems":true},"in2DMode":false,"pivot":{"x":1.2351315021514893,"y":1.0852138996124268,"z":-2.561763286590576},"rotation":{"x":-0.27581125497817995,"y":-0.5950247645378113,"z":0.22805418074131013,"w":-0.7196283936500549},"size":5.5231428146362309,"orthographic":false}