{"cameraMode":{"drawMode":0,"name":"Shaded","section":"Shading Mode"},"sceneLighting":false,"audioPlay":false,"sceneViewState":{"showFog":false,"showMaterialUpdate":false,"showSkybox":false,"showFlares":false,"showImageEffects":false,"showParticleSystems":true},"in2DMode":false,"pivot":{"x":-3.1206493377685549,"y":-6.021845817565918,"z":5.345708847045898},"rotation":{"x":-0.1605248898267746,"y":-0.6751756072044373,"z":0.1541062891483307,"w":-0.7032930254936218},"size":29.602588653564454,"orthographic":false}