{"cameraMode":{"drawMode":0,"name":"Shaded","section":"Shading Mode"},"sceneLighting":false,"audioPlay":false,"sceneViewState":{"showFog":false,"showMaterialUpdate":false,"showSkybox":false,"showFlares":false,"showImageEffects":false,"showParticleSystems":true},"in2DMode":false,"pivot":{"x":0.703636884689331,"y":-0.6335052251815796,"z":-0.9334760904312134},"rotation":{"x":-0.21484141051769257,"y":-0.7009231448173523,"z":0.23609815537929536,"w":-0.6378148198127747},"size":3.3821418285369875,"orthographic":false}