{"cameraMode":{"drawMode":0,"name":"Shaded","section":"Shading Mode"},"sceneLighting":false,"audioPlay":false,"sceneViewState":{"showFog":false,"showMaterialUpdate":false,"showSkybox":false,"showFlares":false,"showImageEffects":false,"showParticleSystems":true},"in2DMode":false,"pivot":{"x":0.0005013644695281982,"y":2.049999952316284,"z":-0.9438477754592896},"rotation":{"x":-0.2222759872674942,"y":-0.5905025005340576,"z":0.17358092963695527,"w":-0.7561546564102173},"size":7.351698875427246,"orthographic":false}