{"cameraMode":{"drawMode":0,"name":"Shaded","section":"Shading Mode"},"sceneLighting":false,"audioPlay":false,"sceneViewState":{"showFog":false,"showMaterialUpdate":false,"showSkybox":false,"showFlares":false,"showImageEffects":false,"showParticleSystems":true},"in2DMode":false,"pivot":{"x":0.0030326247215270998,"y":1.5,"z":-0.009059488773345948},"rotation":{"x":-0.27216556668281557,"y":-0.4800381660461426,"z":0.15961238741874696,"w":-0.8185433745384216},"size":10.538895606994629,"orthographic":false}