{"cameraMode":{"drawMode":0,"name":"Shaded","section":"Shading Mode"},"sceneLighting":false,"audioPlay":false,"sceneViewState":{"showFog":false,"showMaterialUpdate":false,"showSkybox":false,"showFlares":false,"showImageEffects":false,"showParticleSystems":true},"in2DMode":false,"pivot":{"x":3.865168333053589,"y":1.209999918937683,"z":5.752872467041016},"rotation":{"x":-0.2400592863559723,"y":-0.36185771226882937,"z":0.09699775278568268,"w":-0.8955568075180054},"size":8.015254020690918,"orthographic":false}